country,iso2,iso3,dial,capital,currency,symbol,area_km2,population,gdp_bn_usd,timezones,emergency,region
"United States",US,USA,"+1","Washington, D.C.",USD,"$",9833520,335000000,28781,"America/New_York|America/Chicago|America/Denver|America/Los_Angeles|America/Anchorage|Pacific/Honolulu","911","North America"
"Canada",CA,CAN,"+1","Ottawa",CAD,"$",9984670,40000000,2240,"America/St_Johns|America/Halifax|America/Toronto|America/Winnipeg|America/Edmonton|America/Vancouver","911","North America"
"Mexico",MX,MEX,"+52","Mexico City",MXN,"$",1964375,129000000,1850,"America/Mexico_City|America/Cancun|America/Chihuahua|America/Tijuana","911","North America"
"Greenland",GL,GRL,"+299","Nuuk",DKK,"kr",2166086,56000,3,"America/Nuuk","112","North America"
"Guatemala",GT,GTM,"+502","Guatemala City",GTQ,"Q",108889,17600000,105,"America/Guatemala","110","Central America"
"Belize",BZ,BLZ,"+501","Belmopan",BZD,"BZ$",22966,410000,3,"America/Belize","911","Central America"
"El Salvador",SV,SLV,"+503","San Salvador",USD,"$",21041,6300000,35,"America/El_Salvador","911","Central America"
"Honduras",HN,HND,"+504","Tegucigalpa",HNL,"L",112492,10400000,33,"America/Tegucigalpa","911","Central America"
"Nicaragua",NI,NIC,"+505","Managua",NIO,"C$",130375,6900000,17,"America/Managua","911","Central America"
"Costa Rica",CR,CRI,"+506","San Jose",CRC,"CRC",51100,5200000,90,"America/Costa_Rica","911","Central America"
"Panama",PA,PAN,"+507","Panama City",PAB,"B/.",75417,4400000,83,"America/Panama","911","Central America"
"Cuba",CU,CUB,"+53","Havana",CUP,"$",109884,11000000,107,"America/Havana","106","Caribbean"
"Jamaica",JM,JAM,"+1-876","Kingston",JMD,"J$",10991,2800000,19,"America/Jamaica","119","Caribbean"
"Haiti",HT,HTI,"+509","Port-au-Prince",HTG,"G",27750,11600000,20,"America/Port-au-Prince","114","Caribbean"
"Dominican Republic",DO,DOM,"+1-809","Santo Domingo",DOP,"RD$",48671,11300000,121,"America/Santo_Domingo","911","Caribbean"
"Puerto Rico",PR,PRI,"+1-787","San Juan",USD,"$",9104,3200000,117,"America/Puerto_Rico","911","Caribbean"
"Trinidad and Tobago",TT,TTO,"+1-868","Port of Spain",TTD,"TT$",5130,1400000,28,"America/Port_of_Spain","999","Caribbean"
"Brazil",BR,BRA,"+55","Brasilia",BRL,"R$",8515767,216000000,2174,"America/Sao_Paulo|America/Manaus|America/Fortaleza|America/Rio_Branco","190","South America"
"Argentina",AR,ARG,"+54","Buenos Aires",ARS,"$",2780400,46000000,640,"America/Argentina/Buenos_Aires","911","South America"
"Colombia",CO,COL,"+57","Bogota",COP,"$",1141748,52000000,386,"America/Bogota","123","South America"
"Chile",CL,CHL,"+56","Santiago",CLP,"$",756102,20000000,344,"America/Santiago|Pacific/Easter","133","South America"
"Peru",PE,PER,"+51","Lima",PEN,"S/",1285216,34000000,267,"America/Lima","105","South America"
"Venezuela",VE,VEN,"+58","Caracas",VES,"Bs",916445,28000000,102,"America/Caracas","911","South America"
"Ecuador",EC,ECU,"+593","Quito",USD,"$",283561,18000000,118,"America/Guayaquil|Pacific/Galapagos","911","South America"
"Bolivia",BO,BOL,"+591","La Paz",BOB,"Bs",1098581,12000000,45,"America/La_Paz","110","South America"
"Paraguay",PY,PRY,"+595","Asuncion",PYG,"Gs",406752,6800000,43,"America/Asuncion","911","South America"
"Uruguay",UY,URY,"+598","Montevideo",UYU,"$U",181034,3400000,77,"America/Montevideo","911","South America"
"United Kingdom",GB,GBR,"+44","London",GBP,"£",243610,68000000,3380,"Europe/London","999","Europe"
"Ireland",IE,IRL,"+353","Dublin",EUR,"€",70273,5200000,546,"Europe/Dublin","112","Europe"
"France",FR,FRA,"+33","Paris",EUR,"€",551695,68000000,3171,"Europe/Paris","112","Europe"
"Germany",DE,DEU,"+49","Berlin",EUR,"€",357022,84000000,4597,"Europe/Berlin","112","Europe"
"Italy",IT,ITA,"+39","Rome",EUR,"€",301340,59000000,2303,"Europe/Rome","112","Europe"
"Spain",ES,ESP,"+34","Madrid",EUR,"€",505990,48000000,1642,"Europe/Madrid|Atlantic/Canary","112","Europe"
"Portugal",PT,PRT,"+351","Lisbon",EUR,"€",92212,10400000,303,"Europe/Lisbon|Atlantic/Azores","112","Europe"
"Netherlands",NL,NLD,"+31","Amsterdam",EUR,"€",41850,18000000,1158,"Europe/Amsterdam","112","Europe"
"Belgium",BE,BEL,"+32","Brussels",EUR,"€",30528,11700000,632,"Europe/Brussels","112","Europe"
"Luxembourg",LU,LUX,"+352","Luxembourg",EUR,"€",2586,660000,89,"Europe/Luxembourg","112","Europe"
"Switzerland",CH,CHE,"+41","Bern",CHF,"CHF",41285,8800000,885,"Europe/Zurich","112","Europe"
"Austria",AT,AUT,"+43","Vienna",EUR,"€",83879,9100000,516,"Europe/Vienna","112","Europe"
"Denmark",DK,DNK,"+45","Copenhagen",DKK,"kr",43094,5900000,421,"Europe/Copenhagen","112","Europe"
"Sweden",SE,SWE,"+46","Stockholm",SEK,"kr",450295,10600000,623,"Europe/Stockholm","112","Europe"
"Norway",NO,NOR,"+47","Oslo",NOK,"kr",385207,5500000,546,"Europe/Oslo","112","Europe"
"Finland",FI,FIN,"+358","Helsinki",EUR,"€",338424,5600000,296,"Europe/Helsinki","112","Europe"
"Iceland",IS,ISL,"+354","Reykjavik",ISK,"kr",103000,380000,31,"Atlantic/Reykjavik","112","Europe"
"Poland",PL,POL,"+48","Warsaw",PLN,"zl",312696,38000000,842,"Europe/Warsaw","112","Europe"
"Czech Republic",CZ,CZE,"+420","Prague",CZK,"Kc",78867,10900000,335,"Europe/Prague","112","Europe"
"Slovakia",SK,SVK,"+421","Bratislava",EUR,"€",49035,5400000,133,"Europe/Bratislava","112","Europe"
"Hungary",HU,HUN,"+36","Budapest",HUF,"Ft",93028,9600000,212,"Europe/Budapest","112","Europe"
"Romania",RO,ROU,"+40","Bucharest",RON,"lei",238391,19000000,350,"Europe/Bucharest","112","Europe"
"Bulgaria",BG,BGR,"+359","Sofia",BGN,"лв",110879,6500000,107,"Europe/Sofia","112","Europe"
"Greece",GR,GRC,"+30","Athens",EUR,"€",131957,10400000,238,"Europe/Athens","112","Europe"
"Croatia",HR,HRV,"+385","Zagreb",EUR,"€",56594,3800000,84,"Europe/Zagreb","112","Europe"
"Slovenia",SI,SVN,"+386","Ljubljana",EUR,"€",20273,2100000,68,"Europe/Ljubljana","112","Europe"
"Serbia",RS,SRB,"+381","Belgrade",RSD,"din",88361,6600000,75,"Europe/Belgrade","112","Europe"
"Ukraine",UA,UKR,"+380","Kyiv",UAH,"₴",603500,38000000,179,"Europe/Kyiv","112","Europe"
"Estonia",EE,EST,"+372","Tallinn",EUR,"€",45228,1300000,41,"Europe/Tallinn","112","Europe"
"Latvia",LV,LVA,"+371","Riga",EUR,"€",64589,1800000,43,"Europe/Riga","112","Europe"
"Lithuania",LT,LTU,"+370","Vilnius",EUR,"€",65300,2800000,79,"Europe/Vilnius","112","Europe"
"Malta",MT,MLT,"+356","Valletta",EUR,"€",316,540000,20,"Europe/Malta","112","Europe"
"Cyprus",CY,CYP,"+357","Nicosia",EUR,"€",9251,1200000,32,"Asia/Nicosia","112","Europe"
"Russia",RU,RUS,"+7","Moscow",RUB,"₽",17098242,144000000,2021,"Europe/Moscow|Asia/Yekaterinburg|Asia/Novosibirsk|Asia/Vladivostok","112","Europe"
"Turkey",TR,TUR,"+90","Ankara",TRY,"₺",783562,85000000,1108,"Europe/Istanbul","112","Europe"
"United Arab Emirates",AE,ARE,"+971","Abu Dhabi",AED,"AED",83600,9900000,504,"Asia/Dubai","999","Middle East"
"Saudi Arabia",SA,SAU,"+966","Riyadh",SAR,"SAR",2149690,36000000,1068,"Asia/Riyadh","999","Middle East"
"Qatar",QA,QAT,"+974","Doha",QAR,"QR",11586,2900000,236,"Asia/Qatar","999","Middle East"
"Kuwait",KW,KWT,"+965","Kuwait City",KWD,"KD",17818,4300000,162,"Asia/Kuwait","112","Middle East"
"Bahrain",BH,BHR,"+973","Manama",BHD,"BD",760,1500000,44,"Asia/Bahrain","999","Middle East"
"Oman",OM,OMN,"+968","Muscat",OMR,"OMR",309500,4600000,108,"Asia/Muscat","9999","Middle East"
"Israel",IL,ISR,"+972","Jerusalem",ILS,"₪",22072,9800000,522,"Asia/Jerusalem","100","Middle East"
"Jordan",JO,JOR,"+962","Amman",JOD,"JD",89342,11000000,47,"Asia/Amman","911","Middle East"
"Lebanon",LB,LBN,"+961","Beirut",LBP,"L£",10452,5400000,20,"Asia/Beirut","112","Middle East"
"Iran",IR,IRN,"+98","Tehran",IRR,"IRR",1648195,89000000,401,"Asia/Tehran","115","Middle East"
"India",IN,IND,"+91","New Delhi",INR,"₹",3287263,1400000000,3730,"Asia/Kolkata","112","Asia"
"Pakistan",PK,PAK,"+92","Islamabad",PKR,"Rs",881913,240000000,375,"Asia/Karachi","15","Asia"
"Bangladesh",BD,BGD,"+880","Dhaka",BDT,"৳",147570,172000000,437,"Asia/Dhaka","999","Asia"
"Sri Lanka",LK,LKA,"+94","Colombo",LKR,"Rs",65610,22000000,84,"Asia/Colombo","119","Asia"
"Nepal",NP,NPL,"+977","Kathmandu",NPR,"Rs",147181,30000000,41,"Asia/Kathmandu","100","Asia"
"China",CN,CHN,"+86","Beijing",CNY,"¥",9596961,1410000000,17795,"Asia/Shanghai","110","Asia"
"Japan",JP,JPN,"+81","Tokyo",JPY,"¥",377975,124000000,4213,"Asia/Tokyo","110","Asia"
"South Korea",KR,KOR,"+82","Seoul",KRW,"₩",100210,52000000,1713,"Asia/Seoul","112","Asia"
"Taiwan",TW,TWN,"+886","Taipei",TWD,"NT$",36193,23000000,790,"Asia/Taipei","110","Asia"
"Hong Kong",HK,HKG,"+852","Hong Kong",HKD,"HK$",1104,7500000,382,"Asia/Hong_Kong","999","Asia"
"Singapore",SG,SGP,"+65","Singapore",SGD,"S$",728,5900000,501,"Asia/Singapore","999","Asia"
"Malaysia",MY,MYS,"+60","Kuala Lumpur",MYR,"RM",330803,34000000,400,"Asia/Kuala_Lumpur","999","Asia"
"Indonesia",ID,IDN,"+62","Jakarta",IDR,"Rp",1904569,278000000,1371,"Asia/Jakarta|Asia/Makassar|Asia/Jayapura","112","Asia"
"Philippines",PH,PHL,"+63","Manila",PHP,"₱",300000,117000000,437,"Asia/Manila","911","Asia"
"Thailand",TH,THA,"+66","Bangkok",THB,"฿",513120,72000000,515,"Asia/Bangkok","191","Asia"
"Vietnam",VN,VNM,"+84","Hanoi",VND,"₫",331212,99000000,430,"Asia/Ho_Chi_Minh","113","Asia"
"Cambodia",KH,KHM,"+855","Phnom Penh",KHR,"riel",181035,17000000,30,"Asia/Phnom_Penh","117","Asia"
"Myanmar",MM,MMR,"+95","Naypyidaw",MMK,"K",676578,54000000,65,"Asia/Yangon","199","Asia"
"Mongolia",MN,MNG,"+976","Ulaanbaatar",MNT,"₮",1564116,3400000,20,"Asia/Ulaanbaatar","105","Asia"
"Kazakhstan",KZ,KAZ,"+7","Astana",KZT,"₸",2724900,20000000,262,"Asia/Almaty|Asia/Aqtobe","112","Asia"
"Uzbekistan",UZ,UZB,"+998","Tashkent",UZS,"som",447400,36000000,101,"Asia/Tashkent","112","Asia"
"Maldives",MV,MDV,"+960","Male",MVR,"Rf",298,520000,6,"Indian/Maldives","119","Asia"
"Egypt",EG,EGY,"+20","Cairo",EGP,"E£",1002450,112000000,375,"Africa/Cairo","123","Africa"
"South Africa",ZA,ZAF,"+27","Pretoria",ZAR,"R",1221037,61000000,373,"Africa/Johannesburg","10111","Africa"
"Nigeria",NG,NGA,"+234","Abuja",NGN,"₦",923768,224000000,253,"Africa/Lagos","112","Africa"
"Kenya",KE,KEN,"+254","Nairobi",KES,"KSh",580367,55000000,108,"Africa/Nairobi","999","Africa"
"Ethiopia",ET,ETH,"+251","Addis Ababa",ETB,"Br",1104300,127000000,156,"Africa/Addis_Ababa","911","Africa"
"Ghana",GH,GHA,"+233","Accra",GHS,"₵",238533,34000000,76,"Africa/Accra","112","Africa"
"Tanzania",TZ,TZA,"+255","Dodoma",TZS,"TSh",947303,67000000,79,"Africa/Dar_es_Salaam","112","Africa"
"Uganda",UG,UGA,"+256","Kampala",UGX,"USh",241550,48000000,52,"Africa/Kampala","999","Africa"
"Morocco",MA,MAR,"+212","Rabat",MAD,"DH",446550,38000000,152,"Africa/Casablanca","15","Africa"
"Algeria",DZ,DZA,"+213","Algiers",DZD,"DA",2381741,45000000,240,"Africa/Algiers","1548","Africa"
"Tunisia",TN,TUN,"+216","Tunis",TND,"DT",163610,12000000,49,"Africa/Tunis","197","Africa"
"Senegal",SN,SEN,"+221","Dakar",XOF,"CFA",196722,18000000,31,"Africa/Dakar","17","Africa"
"Ivory Coast",CI,CIV,"+225","Yamoussoukro",XOF,"CFA",322463,29000000,87,"Africa/Abidjan","111","Africa"
"Cameroon",CM,CMR,"+237","Yaounde",XAF,"FCFA",475442,28000000,48,"Africa/Douala","112","Africa"
"Angola",AO,AGO,"+244","Luanda",AOA,"Kz",1246700,36000000,93,"Africa/Luanda","113","Africa"
"Mozambique",MZ,MOZ,"+258","Maputo",MZN,"MT",801590,33000000,21,"Africa/Maputo","119","Africa"
"Zimbabwe",ZW,ZWE,"+263","Harare",ZWL,"Z$",390757,16000000,27,"Africa/Harare","999","Africa"
"Australia",AU,AUS,"+61","Canberra",AUD,"A$",7692024,26000000,1724,"Australia/Sydney|Australia/Adelaide|Australia/Perth|Australia/Brisbane","000","Oceania"
"New Zealand",NZ,NZL,"+64","Wellington",NZD,"NZ$",268021,5200000,252,"Pacific/Auckland","111","Oceania"
"Fiji",FJ,FJI,"+679","Suva",FJD,"FJ$",18272,930000,6,"Pacific/Fiji","911","Oceania"
"Papua New Guinea",PG,PNG,"+675","Port Moresby",PGK,"K",462840,10000000,31,"Pacific/Port_Moresby","112","Oceania"
"Solomon Islands",SB,SLB,"+677","Honiara",SBD,"SI$",28896,720000,2,"Pacific/Guadalcanal","999","Oceania"
"Vanuatu",VU,VUT,"+678","Port Vila",VUV,"VT",12189,320000,1,"Pacific/Efate","112","Oceania"